,year,Q,DBO gross,revenue,zDBO,zRev
12,2017.0,1.0,2912280871.0,1283400000.0,0.8470026771921185,0.6276482928826563
13,2017.0,2.0,2705602209.0,1202300000.0,0.6524783198818541,0.4557513142749931
14,2017.0,3.0,2562244996.0,1178700000.0,0.5175516203630829,0.4057295054569801
15,2017.0,4.0,2895259444.0,1416800000.0,0.830982241818492,0.9103986867946451
16,2018.0,1.0,2858379432.0,1383600000.0,0.7962710599167298,0.8400290235421861
17,2018.0,2.0,3347412357.0,1442500000.0,1.2565450645896636,0.9648715887701931
18,2018.0,3.0,2734900097.0,1221400000.0,0.6800532653483973,0.49623506632685954
19,2018.0,4.0,2951468125.0,1413300000.0,0.8838854174098971,0.9029801981987533
20,2019.0,1.0,2400027437.0,1200400000.0,0.36487370913819356,0.45172413475150897
21,2019.0,2.0,3261698580.0,1506100000.0,1.175871920965576,1.0996761243983977
22,2019.0,3.0,2812620625.0,1316800000.0,0.7532032248687197,0.6984418697691662
23,2019.0,4.0,2889014247.0,1447700000.0,0.8251043107299842,0.975893343255518
24,2020.0,1.0,1789173905.0,941500000.0,-0.21005690814538958,-0.09703206452745555
25,2020.0,2.0,4725480.0,18900000.0,-1.8895659569626233,-2.0525456584045227
26,2020.0,3.0,126154944.0,119500000.0,-1.7752774851167494,-1.8393171004768911
27,2020.0,4.0,193792471.0,162500000.0,-1.7116175681112356,-1.7481756691559351
28,2021.0,1.0,236495603.0,148300000.0,-1.6714257107271608,-1.7782735371735532
29,2021.0,2.0,811084276.0,444700000.0,-1.1306272981020458,-1.150033531510034
30,2021.0,3.0,1367417382.0,763200000.0,-0.6070108838682765,-0.4749510692838842
31,2021.0,4.0,2067811192.0,1171700000.0,0.052194350169562614,0.39089252826519655
32,2022.0,1.0,1344645095.0,785700000.0,-0.6284439841713929,-0.4272607854531515
33,2022.0,2.0,2325778439.0,1166400000.0,0.2949911267897501,0.3796588169628462
34,2022.0,3.0,1923613844.0,968400000.0,-0.08352307790989989,-0.04001568074760176
35,2022.0,4.0,1774933958.0,990900000.0,-0.22345943606724747,0.007674603083130962
